mAP, AP0, AP1, AP2, AP3, AP4, precision0, precision1, precision2, precision3, precision4, recall0, recall1, recall2, recall3, recall4
0.40898058341660404, 0.7710982868155288, 0.21679721078307265, 0.055753630470433066, 0.4630577269544, 0.5381960620595856, 0.027077971508319136, 0.019637462235649546, 0.013740038472107722, 0.04762613484149427, 0.02570098788528667, 1.0575743275129779, 0.37142857142857144, 0.2631578947368421, 0.6926406926406926, 0.897609561752988, 