mAP, AP0, AP1, AP2, AP3, AP4, precision0, precision1, precision2, precision3, precision4, recall0, recall1, recall2, recall3, recall4
0.5735012305255724, 0.5735012305255724, 0.222828723920427, 0.8153573013759432, 