mAP, AP0, AP1, AP2, AP3, AP4, precision0, precision1, precision2, precision3, precision4, recall0, recall1, recall2, recall3, recall4
0.23862857819282873, 0.23862857819282873, 0.10400180872710829, 0.6125166444740346, 