mAP, AP0, AP1, AP2, AP3, AP4, precision0, precision1, precision2, precision3, precision4, recall0, recall1, recall2, recall3, recall4
0.5702760082464191, 0.5702760082464191, 0.2573927530195752, 0.8229027962716379, 