mAP, AP0, AP1, AP2, AP3, AP4, precision0, precision1, precision2, precision3, precision4, recall0, recall1, recall2, recall3, recall4
0.3978121906441744, 0.7251292888793998, 0.2649880938748331, 0.020088626655580963, 0.43735662044988544, 0.5414983233611728, 0.03299245191137083, 0.05172413793103448, 0.004443621551564525, 0.0346646571213263, 0.01082396295946329, 1.023124115148655, 0.6285714285714286, 0.12631578947368421, 0.5974025974025974, 0.9127490039840638, 