mAP, AP0, AP1, AP2, AP3, AP4, precision0, precision1, precision2, precision3, precision4, recall0, recall1, recall2, recall3, recall4
0.46147647774215894, 0.7563341239088228, 0.3058370909318472, 0.18044829696448242, 0.4650999463720467, 0.5996629305335957, 0.44240548308644706, 0.36885245901639346, 0.15895061728395063, 0.39412484700122397, 0.3993097848152659, 0.9443133553563001, 0.42857142857142855, 0.5421052631578948, 0.696969696969697, 0.7836653386454183, 