mAP, AP0, AP1, AP2, AP3, AP4, precision0, precision1, precision2, precision3, precision4, recall0, recall1, recall2, recall3, recall4
0.09660597855783812, 0.23128477457307883, 0.0, 0.0, 0.09703042618359434, 0.1547146920325174, 0.007966121389746039, 0.0, 0.0, 0.020656136087484813, 0.005577216923968597, 0.8735252477583766, 0.0, 0.0, 0.25757575757575757, 0.8434262948207172, 