mAP, AP0, AP1, AP2, AP3, AP4, precision0, precision1, precision2, precision3, precision4, recall0, recall1, recall2, recall3, recall4
0.4418296044955219, 0.7603943409125395, 0.37110519321095514, 0.05486287895090221, 0.46205434705791876, 0.5607312623452939, 0.0360092776452135, 0.030202578268876613, 0.011927788523533205, 0.035859820700896494, 0.015812347602958268, 1.01840490797546, 0.780952380952381, 0.19473684210526315, 0.6666666666666666, 0.9378486055776892, 