mAP, AP0, AP1, AP2, AP3, AP4, precision0, precision1, precision2, precision3, precision4, recall0, recall1, recall2, recall3, recall4
0.43517182899153106, 0.7529347364069822, 0.28969468400596987, 0.11036396665160143, 0.4643428572443038, 0.558522900648798, 0.0326236316756473, 0.016147202403304545, 0.013101983002832862, 0.04405463310123192, 0.01781283845545254, 0.997168475696083, 0.4095238095238095, 0.3894736842105263, 0.7121212121212122, 0.9239043824701195, 