mAP, AP0, AP1, AP2, AP3, AP4, precision0, precision1, precision2, precision3, precision4, recall0, recall1, recall2, recall3, recall4
0.5551840942077376, 0.5551840942077376, 0.24373979314099076, 0.7949400798934754, 