mAP, AP0, AP1, AP2, AP3, AP4, precision0, precision1, precision2, precision3, precision4, recall0, recall1, recall2, recall3, recall4
0.4732493578304231, 0.8107940724232909, 0.3963379090977447, 0.12519045293595565, 0.44111784496906936, 0.5928065097260546, 0.02378360903065898, 0.015189299478576286, 0.008954737870400522, 0.04927824788451966, 0.01778501474180111, 1.0415290231241152, 0.638095238095238, 0.2894736842105263, 0.6428571428571429, 0.896414342629482, 