mAP, AP0, AP1, AP2, AP3, AP4, precision0, precision1, precision2, precision3, precision4, recall0, recall1, recall2, recall3, recall4
0.2742534937410573, 0.6367169479630879, 0.001073318216175359, 0.005263157894736842, 0.3059152959344168, 0.42229874869686945, 0.011172415826115153, 0.006289308176100629, 0.0007122507122507123, 0.015212017493820118, 0.0068331119040971056, 1.073147711184521, 0.02857142857142857, 0.005263157894736842, 0.5194805194805194, 0.8872509960159363, 