epoch, mAP, AP0, AP1, AP2, AP3, AP4, precision0, precision1, precision2, precision3, precision4, recall0, recall1, recall2, recall3, recall4
1, 0.6307976022444322, 0.7202288028937416, 0.6590305417587302, 0.5875017704896554, 0.6850440043921227, 0.5021828916879113, 0.3935656836461126, 0.4312015503875969, 0.347045191193511, 0.2942583732057416, 0.13933463796477494, 0.8378995433789954, 0.7876106194690266, 0.7199519230769231, 0.8894628099173554, 0.7280163599182005, 