mAP, AP0, AP1, AP2, AP3, AP4, precision0, precision1, precision2, precision3, precision4, recall0, recall1, recall2, recall3, recall4
0.23065190513688058, 0.5005441617401396, 0.04512397064088794, 0.0, 0.28032598024177835, 0.3272654130615971, 0.013284952076295969, 0.0684931506849315, 0.0, 0.02220975883342681, 0.008797981469225679, 1.0504955167531855, 0.09523809523809523, 0.0, 0.42857142857142855, 0.8474103585657371, 