mAP, AP0, AP1, AP2, AP3, AP4, precision0, precision1, precision2, precision3, precision4, recall0, recall1, recall2, recall3, recall4
0.1215240469366294, 0.27183969946895115, 0.0, 0.0, 0.13221780146626394, 0.20356273374793182, 0.0012341006900221817, 0.0, 0.0, 0.01534700529675404, 0.0011671941623221402, 0.9433695139216611, 0.0, 0.0, 0.24458874458874458, 0.8717131474103585, 