mAP, AP0, AP1, AP2, AP3, AP4, precision0, precision1, precision2, precision3, precision4, recall0, recall1, recall2, recall3, recall4
0.5666469708410228, 0.5666469708410228, 0.2408787255909558, 0.8322237017310253, 