mAP, AP0, AP1, AP2, AP3, AP4, precision0, precision1, precision2, precision3, precision4, recall0, recall1, recall2, recall3, recall4
0.3727789410117336, 0.7335799218574637, 0.24738481906954576, 0.014221756136571034, 0.3833175192841668, 0.4853906887109206, 0.020098418145138484, 0.012442520962942927, 0.004612343509773776, 0.022591362126245847, 0.009937474943062108, 1.0061349693251533, 0.4380952380952381, 0.11052631578947368, 0.5887445887445888, 0.9282868525896414, 