mAP, AP0, AP1, AP2, AP3, AP4, precision0, precision1, precision2, precision3, precision4, recall0, recall1, recall2, recall3, recall4
0.19871997140341374, 0.49518002050542936, 0.0, 0.0, 0.17796038979770945, 0.32045944671392984, 0.010645316946832501, 0.0, 0.0, 0.024260925449871466, 0.0028662679172525196, 1.020292590844738, 0.0, 0.0, 0.3268398268398268, 0.9274900398406375, 