mAP, AP0, AP1, AP2, AP3, AP4, precision0, precision1, precision2, precision3, precision4, recall0, recall1, recall2, recall3, recall4
0.46396353534645063, 0.46396353534645063, 0.20401835545082475, 0.7301375943186862, 