mAP, AP0, AP1, AP2, AP3, AP4, precision0, precision1, precision2, precision3, precision4, recall0, recall1, recall2, recall3, recall4
0.25525179833026457, 0.6744819545074779, 0.0, 2.3815194093831866e-05, 0.2468728058809645, 0.3548804160687864, 0.009229368093220683, 0.0, 0.0020161290322580645, 0.01753048780487805, 0.004443765838723622, 1.0712600283152431, 0.0, 0.005263157894736842, 0.39826839826839827, 0.8928286852589642, 