mAP, AP0, AP1, AP2, AP3, AP4, precision0, precision1, precision2, precision3, precision4, recall0, recall1, recall2, recall3, recall4
0.5923572617449657, 0.5923572617449657, 0.26522113727742674, 0.8197958277851753, 