mAP, AP0, AP1, AP2, AP3, AP4, precision0, precision1, precision2, precision3, precision4, recall0, recall1, recall2, recall3, recall4
0.3978424306618179, 0.6209443870886316, 0.25246390627192056, 0.1478486172184112, 0.4236710576675054, 0.5442841850626206, 0.6655935613682092, 0.3076923076923077, 0.40869565217391307, 0.5496957403651116, 0.5215779719353985, 0.780556866446437, 0.7238095238095238, 0.24736842105263157, 0.5865800865800865, 0.7848605577689243, 