mAP, AP0, AP1, AP2, AP3, AP4, precision0, precision1, precision2, precision3, precision4, recall0, recall1, recall2, recall3, recall4
0.5640296402252902, 0.5640296402252902, 0.13180109243101368, 0.8246782068353307, 