mAP, AP0, AP1, AP2, AP3, AP4, precision0, precision1, precision2, precision3, precision4, recall0, recall1, recall2, recall3, recall4
0.24577019782519355, 0.6714882419069534, 0.0, 0.0, 0.18028833901830152, 0.3770744082007128, 0.011891492087964747, 0.0, 0.0, 0.023083131557707828, 0.006143729549442269, 1.0773949976403965, 0.0, 0.0, 0.30952380952380953, 0.9290836653386454, 