mAP, AP0, AP1, AP2, AP3, AP4, precision0, precision1, precision2, precision3, precision4, recall0, recall1, recall2, recall3, recall4
0.5664801095043643, 0.5664801095043643, 0.2052535819877189, 0.8011540168664003, 