mAP, AP0, AP1, AP2, AP3, AP4, precision0, precision1, precision2, precision3, precision4, recall0, recall1, recall2, recall3, recall4
0.3030879905398759, 0.6664626140701151, 0.06935382078239222, 0.0, 0.31832602186256853, 0.4612974959843036, 0.01736444905343315, 0.02666666666666667, 0.0, 0.017753597251055908, 0.008383549261825851, 1.0825861255309108, 0.11428571428571428, 0.0, 0.5367965367965368, 0.8868525896414342, 