mAP, AP0, AP1, AP2, AP3, AP4, precision0, precision1, precision2, precision3, precision4, recall0, recall1, recall2, recall3, recall4
0.33080926202646466, 0.660505999133659, 0.14602368413100825, 0.06775028237594043, 0.35147121808296367, 0.42829512640875195, 0.0450912510150874, 0.01634241245136187, 0.01680327868852459, 0.04905887064477373, 0.016368510776761526, 0.9957527135441245, 0.8, 0.21578947368421053, 0.5303030303030303, 0.9219123505976096, 