mAP, AP0, AP1, AP2, AP3, AP4, precision0, precision1, precision2, precision3, precision4, recall0, recall1, recall2, recall3, recall4
0.31422409346890956, 0.6958624172228446, 0.07814369281792728, 0.012222790418620502, 0.3210092166638623, 0.463882350221293, 0.01483924154987634, 0.0028545329984014617, 0.004111842105263158, 0.02788376871147637, 0.008928752860086401, 1.0618216139688532, 0.23809523809523808, 0.07894736842105263, 0.6168831168831169, 0.8752988047808765, 