mAP, AP0, AP1, AP2, AP3, AP4, precision0, precision1, precision2, precision3, precision4, recall0, recall1, recall2, recall3, recall4
0.43963380247703, 0.7923576334296495, 0.2779331796967103, 0.09782496983532997, 0.42120745108524327, 0.6088457783382168, 0.027612372194714168, 0.012658227848101266, 0.006855473140031468, 0.022657770364192382, 0.015451534111821192, 1.0132137800849457, 0.38095238095238093, 0.32105263157894737, 0.7056277056277056, 0.9199203187250996, 