mAP, AP0, AP1, AP2, AP3, AP4, precision0, precision1, precision2, precision3, precision4, recall0, recall1, recall2, recall3, recall4
0.5048683339523136, 0.7700530550898226, 0.40965151944693856, 0.23156565371506496, 0.5142171683233204, 0.5988542731864214, 0.4564662177850012, 0.5288461538461539, 0.20743639921722112, 0.46065808297567956, 0.335859400193486, 0.927796130250118, 0.5238095238095238, 0.5578947368421052, 0.696969696969697, 0.8298804780876494, 