mAP, AP0, AP1, AP2, AP3, AP4, precision0, precision1, precision2, precision3, precision4, recall0, recall1, recall2, recall3, recall4
0.5016906059898533, 0.7623960036758958, 0.31194446979625623, 0.20668018460827497, 0.5885927925757982, 0.6388395792930415, 0.5019690207403518, 0.3333333333333333, 0.2733333333333333, 0.5426229508196722, 0.3333333333333333, 0.9023124115148655, 0.6571428571428571, 0.43157894736842106, 0.7164502164502164, 0.8792828685258964, 