mAP, AP0, AP1, AP2, AP3, AP4, precision0, precision1, precision2, precision3, precision4, recall0, recall1, recall2, recall3, recall4
0.3734817544855912, 0.6001992914820584, 0.13422101496735325, 0.10100591002860404, 0.4748606388596035, 0.5571219170903365, 0.67497034400949, 0.5609756097560976, 0.35344827586206895, 0.5342465753424658, 0.6089367253750816, 0.80556866446437, 0.21904761904761905, 0.21578947368421053, 0.6753246753246753, 0.7438247011952192, 