mAP, AP0, AP1, AP2, AP3, AP4, precision0, precision1, precision2, precision3, precision4, recall0, recall1, recall2, recall3, recall4
0.5239909531225209, 0.782060838954926, 0.45052918216648663, 0.24483540541083326, 0.5072680119780268, 0.6352613271023315, 0.5299098606937995, 0.6625, 0.2302158273381295, 0.45007451564828616, 0.32004672214921887, 0.9155261915998112, 0.5047619047619047, 0.5052631578947369, 0.6536796536796536, 0.8733067729083666, 