mAP, AP0, AP1, AP2, AP3, AP4, precision0, precision1, precision2, precision3, precision4, recall0, recall1, recall2, recall3, recall4
0.3197005239293958, 0.6009182788049552, 0.16818125752764512, 0.0425793564486976, 0.26600947780873235, 0.5208142490569488, 0.3889356331510307, 0.17772511848341233, 0.11042944785276074, 0.39314516129032256, 0.2530333372599835, 0.8725814063237376, 0.7142857142857143, 0.18947368421052632, 0.42207792207792205, 0.8557768924302789, 