mAP, AP0, AP1, AP2, AP3, AP4, precision0, precision1, precision2, precision3, precision4, recall0, recall1, recall2, recall3, recall4
0.5262562130084613, 0.5262562130084613, 0.23725145407818207, 0.7785175321793165, 