mAP, AP0, AP1, AP2, AP3, AP4, precision0, precision1, precision2, precision3, precision4, recall0, recall1, recall2, recall3, recall4
0.5201224348800946, 0.7569158402785863, 0.3483679026775759, 0.3053468665562874, 0.5263591111216974, 0.6636224537663261, 0.5946202531645569, 0.4065934065934066, 0.3042071197411003, 0.36542669584245074, 0.4350622406639004, 0.8867390278433224, 0.7047619047619048, 0.49473684210526314, 0.7229437229437229, 0.8354581673306772, 