mAP, AP0, AP1, AP2, AP3, AP4, precision0, precision1, precision2, precision3, precision4, recall0, recall1, recall2, recall3, recall4
0.4359543738715388, 0.7831631812070263, 0.2674306946434553, 0.06169994669410324, 0.4677869527833242, 0.5996910940297848, 0.022650274886900777, 0.015629139072847683, 0.007979971835393522, 0.023406478578892373, 0.017609076877075875, 1.053798961774422, 0.5619047619047619, 0.26842105263157895, 0.7272727272727273, 0.8681274900398407, 