mAP, AP0, AP1, AP2, AP3, AP4, precision0, precision1, precision2, precision3, precision4, recall0, recall1, recall2, recall3, recall4
0.41402513597176105, 0.7638774936333143, 0.2767236582063616, 0.022941036697656816, 0.44926023716742325, 0.5573232541540493, 0.016704496565638584, 0.012654120700843608, 0.003909643788010426, 0.020827943078913325, 0.008504595663121792, 1.0627654554034922, 0.37142857142857144, 0.14210526315789473, 0.696969696969697, 0.8733067729083666, 