mAP, AP0, AP1, AP2, AP3, AP4, precision0, precision1, precision2, precision3, precision4, recall0, recall1, recall2, recall3, recall4
0.30508222748953784, 0.6228194027528917, 0.05804329004329005, 0.00822250058929464, 0.3528329571644417, 0.48349298689777126, 0.023218619016104124, 0.005569620253164557, 0.003826530612244898, 0.028547171813647458, 0.006450967216161732, 0.9933931099575272, 0.10476190476190476, 0.07894736842105263, 0.5822510822510822, 0.8988047808764941, 