mAP, AP0, AP1, AP2, AP3, AP4, precision0, precision1, precision2, precision3, precision4, recall0, recall1, recall2, recall3, recall4
0.2801162514884591, 0.6015310675192515, 0.12192602003237868, 0.005263157894736842, 0.3287647080511167, 0.3430963039448116, 0.0136166374097913, 0.06272401433691756, 0.0008968609865470852, 0.020016611295681063, 0.007430646728844481, 1.0542708824917413, 0.3333333333333333, 0.005263157894736842, 0.5216450216450217, 0.8681274900398407, 