mAP, AP0, AP1, AP2, AP3, AP4, precision0, precision1, precision2, precision3, precision4, recall0, recall1, recall2, recall3, recall4
0.39733313362647876, 0.7470696677169352, 0.23833348874643392, 0.03668274623021642, 0.44205565237429234, 0.5225241130645157, 0.02780115762621881, 0.010238095238095239, 0.003777971519907004, 0.02968384670123005, 0.011211835452335483, 1.0132137800849457, 0.4095238095238095, 0.06842105263157895, 0.6320346320346321, 0.9426294820717132, 