mAP, AP0, AP1, AP2, AP3, AP4, precision0, precision1, precision2, precision3, precision4, recall0, recall1, recall2, recall3, recall4
0.47022344129844, 0.7854798762761709, 0.41551645615767624, 0.1017813131046261, 0.48691296681771046, 0.5614265941360164, 0.03761766517110935, 0.025507998270644185, 0.018682710576314123, 0.03713637301423561, 0.011010883234523776, 1.0089664936290703, 0.5619047619047619, 0.3105263157894737, 0.7792207792207793, 0.9278884462151394, 