mAP, AP0, AP1, AP2, AP3, AP4, precision0, precision1, precision2, precision3, precision4, recall0, recall1, recall2, recall3, recall4
0.46401736486258827, 0.7842053893755496, 0.4246677375954021, 0.07106314952773282, 0.45724277635307936, 0.5829077714611779, 0.025756322588912316, 0.015133024164022455, 0.006608548931383577, 0.030709426627793975, 0.015674199086656425, 1.0434167059933932, 0.5904761904761905, 0.24736842105263157, 0.683982683982684, 0.898406374501992, 