mAP, AP0, AP1, AP2, AP3, AP4, precision0, precision1, precision2, precision3, precision4, recall0, recall1, recall2, recall3, recall4
0.40297038783382727, 0.7129475977388986, 0.2676485833208835, 0.09264756403649038, 0.513791554921212, 0.42781663915165224, 0.03144963901417774, 0.01223529411764706, 0.024363636363636365, 0.031131479140328697, 0.014549708585518942, 0.9641340254837187, 0.49523809523809526, 0.3526315789473684, 0.8528138528138528, 0.8274900398406374, 