mAP, AP0, AP1, AP2, AP3, AP4, precision0, precision1, precision2, precision3, precision4, recall0, recall1, recall2, recall3, recall4
0.528369418427055, 0.7258823941330729, 0.4824411517963136, 0.2465711911724418, 0.5338313268051746, 0.6531210282282722, 0.41557866784686875, 0.4621212121212121, 0.2457627118644068, 0.43783783783783786, 0.26119155521167237, 0.8862671071260029, 0.580952380952381, 0.45789473684210524, 0.7012987012987013, 0.9414342629482072, 