mAP, AP0, AP1, AP2, AP3, AP4, precision0, precision1, precision2, precision3, precision4, recall0, recall1, recall2, recall3, recall4
0.41799854012543525, 0.6725616751314059, 0.2806114911065351, 0.11578947368421053, 0.46424213022855854, 0.5567879304764667, 0.804525758305248, 0.6323529411764706, 0.4888888888888889, 0.6768447837150128, 0.6544730170228178, 0.7885795186408683, 0.4095238095238095, 0.23157894736842105, 0.5757575757575758, 0.7199203187250997, 