mAP, AP0, AP1, AP2, AP3, AP4, precision0, precision1, precision2, precision3, precision4, recall0, recall1, recall2, recall3, recall4
0.4022052560599333, 0.7224518883095572, 0.22834822687728237, 0.05180917575713821, 0.4725459487231082, 0.53587104063258, 0.026994813223660083, 0.0032199112348794707, 0.006598931601550225, 0.02444289693593315, 0.012269903654731414, 0.9726285983954696, 0.3523809523809524, 0.33157894736842103, 0.7597402597402597, 0.8569721115537848, 