mAP, AP0, AP1, AP2, AP3, AP4, precision0, precision1, precision2, precision3, precision4, recall0, recall1, recall2, recall3, recall4
0.4717291069888683, 0.7012239892901948, 0.3985351874400208, 0.1486834239036831, 0.46794823246124995, 0.6422547018491926, 0.5202179523946086, 0.4772727272727273, 0.3235294117647059, 0.5529411764705883, 0.2966771159874608, 0.8560641812175555, 0.6, 0.2894736842105263, 0.6103896103896104, 0.9426294820717132, 