mAP, AP0, AP1, AP2, AP3, AP4, precision0, precision1, precision2, precision3, precision4, recall0, recall1, recall2, recall3, recall4
0.32958713428153563, 0.7780552537558919, 0.04249084249084249, 0.0061472228959495515, 0.3792897245734303, 0.4419526276915639, 0.022222442879980934, 0.0018242626938279112, 0.0032537960954446853, 0.02884406853177185, 0.00733332482352791, 1.0561585653610193, 0.05714285714285714, 0.031578947368421054, 0.5757575757575758, 0.9155378486055777, 