mAP, AP0, AP1, AP2, AP3, AP4, precision0, precision1, precision2, precision3, precision4, recall0, recall1, recall2, recall3, recall4
0.39506397774177676, 0.6886991044113961, 0.22628113597948815, 0.13499642290088015, 0.3994139731141325, 0.5259292523029868, 0.0468492774830803, 0.07800511508951406, 0.029796131730266597, 0.06083743842364532, 0.020407416554613395, 0.9669655497876357, 0.580952380952381, 0.3, 0.5346320346320347, 0.8888446215139443, 