mAP, AP0, AP1, AP2, AP3, AP4, precision0, precision1, precision2, precision3, precision4, recall0, recall1, recall2, recall3, recall4
0.39411045607089584, 0.7832509804463128, 0.20048302817197935, 0.01702052787579103, 0.4380414311000219, 0.531756312760374, 0.039829252174534285, 0.10451977401129943, 0.00620347394540943, 0.04783748361730013, 0.02171595144235002, 1.0523831996224635, 0.3523809523809524, 0.07894736842105263, 0.6320346320346321, 0.8844621513944223, 